name,email,phone,source,current status,last meaningful contact,owner,notes,consent
Parker Diaz,parker.diaz.6@example.com,(713) 555-1006,Text message,replied after old follow-up,05/25/2026,Janine,Duplicate lead update: added new message context and changed timing.,opt-in
Cameron Kim,cameron.kim.7@example.com,(713) 555-1007,Old CRM,appointment requested,05/26/2026,Janine,Duplicate lead update: asked to schedule a buyer consult this week.,opt-in
Quinn Shah,quinn.shah.8@example.com,(713) 555-1008,Instagram DM,"still looking, needs listings",05/27/2026,Janine,Duplicate lead update: added new message context and changed timing.,opt-in
Reese Ellis,reese.ellis.9@example.com,(713) 555-1009,Home valuation page,replied after old follow-up,05/28/2026,Adam,Duplicate lead update: added new message context and changed timing.,opt-in
Skyler Lopez,skyler.lopez.10@example.com,(713) 555-1010,Facebook message,appointment requested,05/29/2026,Janine,Duplicate lead update: asked to schedule a buyer consult this week.,opt-in
Rowan Turner,rowan.turner.11@example.com,(713) 555-1011,Open house,"still looking, needs listings",05/25/2026,Avery,Duplicate lead update: added new message context and changed timing.,opt-in
Drew Foster,drew.foster.12@example.com,(713) 555-1012,Website form,replied after old follow-up,05/26/2026,Janine,Duplicate lead update: added new message context and changed timing.,opt-in
Harper Miller,harper.miller.13@example.com,(713) 555-1013,Zillow inquiry,appointment requested,05/27/2026,Janine,Duplicate lead update: asked to schedule a buyer consult this week.,opt-in
Logan Vasquez,logan.vasquez.14@example.com,(713) 555-1014,Realtor referral,"still looking, needs listings",05/28/2026,Janine,Duplicate lead update: added new message context and changed timing.,opt-in
Emerson Garcia,emerson.garcia.15@example.com,(713) 555-1015,Past client referral,replied after old follow-up,05/29/2026,Adam,Duplicate lead update: added new message context and changed timing.,opt-in
Sage Nguyen,sage.nguyen.16@example.com,(713) 555-1016,Text message,appointment requested,05/25/2026,Janine,Duplicate lead update: asked to schedule a buyer consult this week.,opt-in
Finley Williams,finley.williams.17@example.com,(713) 555-1017,Old CRM,"still looking, needs listings",05/26/2026,Avery,Duplicate lead update: added new message context and changed timing.,opt-in
Hayden Hughes,hayden.hughes.18@example.com,(713) 555-1018,Instagram DM,replied after old follow-up,05/27/2026,Janine,Duplicate lead update: added new message context and changed timing.,opt-in
Kendall Owens,kendall.owens.19@example.com,(713) 555-1019,Home valuation page,appointment requested,05/28/2026,Janine,Duplicate lead update: asked to schedule a buyer consult this week.,opt-in
Avery Bennett,avery.bennett.20@example.com,(713) 555-1020,Facebook message,"still looking, needs listings",05/29/2026,Janine,Duplicate lead update: added new message context and changed timing.,opt-in
Jordan Irwin,jordan.irwin.21@example.com,(713) 555-1021,Open house,replied after old follow-up,05/25/2026,Adam,Duplicate lead update: added new message context and changed timing.,opt-in
Taylor Patel,taylor.patel.22@example.com,(713) 555-1022,Website form,appointment requested,05/26/2026,Janine,Duplicate lead update: asked to schedule a buyer consult this week.,opt-in
Morgan Carter,morgan.carter.23@example.com,(713) 555-1023,Zillow inquiry,"still looking, needs listings",05/27/2026,Avery,Duplicate lead update: added new message context and changed timing.,opt-in
Riley Johnson,riley.johnson.24@example.com,(713) 555-1024,Realtor referral,replied after old follow-up,05/28/2026,Janine,Duplicate lead update: added new message context and changed timing.,opt-in
Casey Reed,casey.reed.25@example.com,(713) 555-1025,Past client referral,appointment requested,05/29/2026,Janine,Duplicate lead update: asked to schedule a buyer consult this week.,opt-in
Parker Diaz,parker.diaz.26@example.com,(713) 555-1026,Text message,"still looking, needs listings",05/25/2026,Janine,Duplicate lead update: added new message context and changed timing.,opt-in
Cameron Kim,cameron.kim.27@example.com,(713) 555-1027,Old CRM,replied after old follow-up,05/26/2026,Adam,Duplicate lead update: added new message context and changed timing.,opt-in
Quinn Shah,quinn.shah.28@example.com,(713) 555-1028,Instagram DM,appointment requested,05/27/2026,Janine,Duplicate lead update: asked to schedule a buyer consult this week.,opt-in
Reese Ellis,reese.ellis.29@example.com,(713) 555-1029,Home valuation page,"still looking, needs listings",05/28/2026,Avery,Duplicate lead update: added new message context and changed timing.,opt-in
Skyler Lopez,skyler.lopez.30@example.com,(713) 555-1030,Facebook message,replied after old follow-up,05/29/2026,Janine,Duplicate lead update: added new message context and changed timing.,opt-in
Jordan Irwin,jordan.irwin.101@example.com,(713) 555-1101,New Facebook lead,new inbound / referral,05/30/2026,Avery,"New lead after first import. Jordan asked about The Heights and budget around $555,000. Source was Open house. Current status: pre-approval docs needed. No clear next step logged after the initial conversation. Opt-in or relationship source appears acceptable.",opt-in
Taylor Patel,taylor.patel.102@example.com,(713) 555-1102,New seller form,seller valuation requested,05/30/2026,Avery,"New lead after first import. Taylor asked about Tomball and budget around $580,000. Source was Website form. Current status: new inbound / referral. They replied by text, then went quiet after one follow-up. Opt-in or relationship source appears acceptable.",opt-in
Morgan Carter,morgan.carter.103@example.com,(713) 555-1103,New Facebook lead,new inbound / referral,05/30/2026,Avery,"New lead after first import. Morgan asked about Clear Lake and budget around $605,000. Source was Zillow inquiry. Current status: pre-approval docs needed. No clear next step logged after the initial conversation. Opt-in or relationship source appears acceptable.",opt-in
Riley Johnson,riley.johnson.104@example.com,(713) 555-1104,New seller form,seller valuation requested,05/30/2026,Avery,"New lead after first import. Riley asked about Spring Branch and budget around $630,000. Source was Realtor referral. Current status: new inbound / referral. No clear next step logged after the initial conversation. Opt-in or relationship source appears acceptable.",opt-in
Casey Reed,casey.reed.105@example.com,(713) 555-1105,New Facebook lead,new inbound / referral,05/30/2026,Avery,"New lead after first import. Casey asked about Sugar Land and budget around $655,000. Source was Past client referral. Current status: pre-approval docs needed. No clear next step logged after the initial conversation. Opt-in or relationship source appears acceptable.",opt-in
Parker Diaz,parker.diaz.106@example.com,(713) 555-1106,New seller form,seller valuation requested,05/30/2026,Avery,"New lead after first import. Parker asked about Memorial and budget around $680,000. Source was Text message. Current status: new inbound / referral. No clear next step logged after the initial conversation. Opt-in or relationship source appears acceptable.",opt-in
Cameron Kim,cameron.kim.107@example.com,(713) 555-1107,New Facebook lead,new inbound / referral,05/30/2026,Avery,"New lead after first import. Cameron asked about Katy and budget around $705,000. Source was Old CRM. Current status: pre-approval docs needed. No clear next step logged after the initial conversation. Opt-in or relationship source appears acceptable.",opt-in
Quinn Shah,quinn.shah.108@example.com,(713) 555-1108,New seller form,seller valuation requested,05/30/2026,Avery,"New lead after first import. Quinn asked about Pearland and budget around $280,000. Source was Instagram DM. Current status: new inbound / referral. They replied by text, then went quiet after one follow-up. Opt-in or relationship source appears acceptable.",opt-in
Reese Ellis,reese.ellis.109@example.com,(713) 555-1109,New Facebook lead,new inbound / referral,05/30/2026,Avery,"New lead after first import. Reese asked about Energy Corridor and budget around $305,000. Source was Home valuation page. Current status: pre-approval docs needed. No clear next step logged after the initial conversation. Opt-in or relationship source appears acceptable.",opt-in
Skyler Lopez,skyler.lopez.110@example.com,(713) 555-1110,New seller form,seller valuation requested,05/30/2026,Avery,"New lead after first import. Skyler asked about Cypress and budget around $330,000. Source was Facebook message. Current status: new inbound / referral. No clear next step logged after the initial conversation. Consent is unclear from old CRM export.",opt-in
